endpoint,latency_ms
GET /me,11
GET /me,33
GET /me,30
GET /me,33
GET /me,33
GET /me,37
GET /me,25
GET /me,22
GET /me,44
GET /me,33
GET /me,45
GET /me,24
GET /me,31
GET /me,44
GET /me,40
GET /me,37
GET /me,23
GET /me,28
GET /me,33
GET /me,25
GET /me,42
GET /me,41
GET /me,26
GET /me,28
GET /me,26
GET /me,31
GET /me,41
GET /me,36
GET /me,42
GET /me,40
GET /me,41
GET /me,30
GET /me,21
GET /me,32
GET /me,31
GET /me,31
GET /me,29
GET /me,27
GET /me,32
GET /me,37
GET /feed,101
GET /feed,96
GET /feed,76
GET /feed,110
GET /feed,96
GET /feed,97
GET /feed,113
GET /feed,108
GET /feed,77
GET /feed,62
GET /feed,95
GET /feed,71
GET /feed,79
GET /feed,92
GET /feed,82
GET /feed,34
GET /feed,112
GET /feed,86
GET /feed,114
GET /feed,74
GET /feed,91
GET /feed,82
GET /feed,87
GET /feed,83
GET /feed,85
GET /feed,82
GET /feed,111
GET /feed,39
GET /feed,69
GET /feed,59
GET /feed,150
GET /feed,38
GET /feed,114
GET /feed,118
GET /feed,76
GET /feed,99
GET /feed,101
GET /feed,84
GET /feed,99
GET /feed,108
GET /feed,200
POST /search,115
POST /search,180
POST /search,140
POST /search,187
POST /search,167
POST /search,126
POST /search,145
POST /search,165
POST /search,196
POST /search,208
POST /search,126
POST /search,72
POST /search,147
POST /search,175
POST /search,227
POST /search,96
POST /search,162
POST /search,157
POST /search,137
POST /search,167
POST /search,187
POST /search,121
POST /search,119
POST /search,99
POST /search,160
POST /search,163
POST /search,150
POST /search,147
POST /search,112
POST /search,147
POST /search,135
POST /search,172
POST /search,127
POST /search,139
POST /search,196
POST /search,142
POST /search,124
POST /search,173
POST /search,138
POST /search,192
POST /search,387
POST /search,389
POST /upload,232
POST /upload,179
POST /upload,190
POST /upload,198
POST /upload,334
POST /upload,171
POST /upload,19
POST /upload,263
POST /upload,234
POST /upload,142
POST /upload,337
POST /upload,174
POST /upload,208
POST /upload,167
POST /upload,255
POST /upload,204
POST /upload,2
POST /upload,155
POST /upload,296
POST /upload,207
POST /upload,165
POST /upload,251
POST /upload,266
POST /upload,294
POST /upload,53
POST /upload,264
POST /upload,74
POST /upload,131
POST /upload,267
POST /upload,314
POST /upload,228
POST /upload,81
POST /upload,293
POST /upload,128
POST /upload,195
POST /upload,390
POST /upload,279
POST /upload,282
POST /upload,281
POST /upload,205
POST /upload,767
POST /upload,618
POST /upload,702
GET /report,319
GET /report,393
GET /report,320
GET /report,366
GET /report,258
GET /report,234
GET /report,205
GET /report,344
GET /report,306
GET /report,222
GET /report,331
GET /report,277
GET /report,273
GET /report,385
GET /report,199
GET /report,323
GET /report,231
GET /report,290
GET /report,275
GET /report,261
GET /report,274
GET /report,330
GET /report,324
GET /report,334
GET /report,442
GET /report,377
GET /report,353
GET /report,252
GET /report,277
GET /report,276
GET /report,399
GET /report,324
GET /report,285
GET /report,303
GET /report,274
GET /report,363
GET /report,470
GET /report,344
GET /report,286
GET /report,385
GET /report,562
